Match Rank,Image Name
1,bubbly_0050.jpg
2,bubbly_0105.jpg
3,bubbly_0051.jpg
4,bubbly_0066.jpg
5,lacelike_0112.jpg
6,bubbly_0038.jpg
7,bubbly_0119.jpg
8,bubbly_0069.jpg
9,lacelike_0069.jpg
10,bubbly_0116.jpg
11,bubbly_0073.jpg
12,bubbly_0053.jpg
13,bubbly_0078.jpg
14,bubbly_0052.jpg
15,bubbly_0168.jpg
16,lacelike_0009.jpg
17,bubbly_0140.jpg
18,bubbly_0089.jpg
19,lacelike_0100.jpg
20,lacelike_0055.jpg
21,bubbly_0134.jpg
22,bubbly_0056.jpg
23,bubbly_0060.jpg
24,bubbly_0164.jpg
25,bubbly_0166.jpg
26,bubbly_0100.jpg
27,lacelike_0062.jpg
28,bubbly_0109.jpg
29,bubbly_0155.jpg
30,lacelike_0110.jpg
31,lacelike_0105.jpg
